batch_size,total_sign_time_ms,avg_time_per_op_ms
1,226.35912500000188,226.35912500000188
5,228.28412499998763,45.656824999997525
10,227.89229199999284,22.789229199999284
20,231.77508300000227,11.588754150000113
50,228.6102080000063,4.572204160000126
