batch_size,total_sign_time_ms,avg_time_per_op_ms
1,142.55379433333331,142.55379433333331
5,139.51352766666503,27.902705533333005
10,163.06078346666482,16.30607834666648
20,140.7889751333348,7.039448756666739
50,135.90981666666644,2.7181963333333288
