batch_size,total_sign_time_ms,avg_time_per_op_ms
1,230.39200000000017,230.39200000000017
5,230.1930419999998,46.03860839999996
10,255.4064579999995,25.54064579999995
20,251.92991599999814,12.596495799999907
50,231.34337499999802,4.62686749999996
