disclosure_percent,disclosed_count,proof_gen_time_ms,proof_verify_time_ms,proof_size_bytes
0,0,426.5466250000003,1170.9943329999994,1012
10,2,411.72637500000064,1226.4126250000018,948
15,3,438.25420800000006,1259.7917500000015,916
25,5,387.7207499999997,1172.2942919999966,852
50,11,340.02191599999776,1166.3350410000035,660
75,17,299.7316669999961,1196.7114579999957,468
100,23,249.60895800000316,1178.4397089999957,276
