disclosure_percent,disclosed_count,proof_gen_time_ms,proof_verify_time_ms,proof_size_bytes
0,0,266.3825027999981,1163.200616533328,596
10,1,252.7377277333225,1196.795058333322,564
15,1,279.92703886666277,1324.6459832000103,564
25,2,242.20577786666885,1269.642713866665,532
50,5,195.11685280000393,1154.3391581333328,436
75,7,172.61488333333924,1092.8937056000034,372
100,10,150.12911400001485,1093.1726416666645,276
