disclosure_percent,disclosed_count,proof_gen_time_ms,proof_verify_time_ms,proof_size_bytes
0,0,427.6325000000014,1188.991416999997,1012
10,2,431.87516599999753,1169.3138330000038,948
15,3,400.207041999991,1193.9011669999927,916
25,5,389.8981659999947,1177.4455409999973,852
50,11,346.71400000000574,1172.4520420000033,660
75,17,292.1655840000028,1179.9528329999873,468
100,23,249.97104199999853,1272.1753749999891,276
