attribute_count,key_gen_time_ms,sign_time_ms,verify_time_ms,proof_gen_time_ms,proof_verify_time_ms,signature_size_bytes,proof_size_bytes,sk_size_bytes,pk_size_bytes
1,31.262208000015335,56.28208300001347,956.1554999999942,74.78083300000549,1011.605583000005,80,276,32,96
2,30.846541999977717,64.19366599999421,959.0652089999878,88.22191699999848,1008.1676249999987,80,308,32,96
4,31.507500000003574,80.41895799999565,973.6870830000157,112.45320900002298,1021.7072920000021,80,340,32,96
8,29.96075000001497,109.9014169999748,1006.7472500000179,158.470125000008,1056.5466249999815,80,404,32,96
10,30.782625000000507,128.8447910000059,1029.8741660000132,181.00329100002455,1067.4782499999935,80,436,32,96
16,30.546958000002178,192.88850000000934,1139.3160419999901,256.6261249999968,1208.1163329999924,80,532,32,96
32,30.274541000011368,303.0231669999921,1206.4865000000111,519.857332999976,1465.3322919999994,80,788,32,96
64,32.6619580000056,571.5852090000055,1474.9300000000005,881.8275829999891,1666.999292000014,80,1300,32,96
128,30.463625000010097,1167.8197079999961,2188.9110000000187,2223.219374999985,2108.6909160000005,80,2324,32,96
