attribute_count,key_gen_time_ms,sign_time_ms,verify_time_ms,proof_gen_time_ms,proof_verify_time_ms,signature_size_bytes,proof_size_bytes,sk_size_bytes,pk_size_bytes
1,30.543916000006277,55.140207999997415,951.0017919999996,72.20887500000117,1000.9909999999991,80,276,32,96
2,31.273583000000826,65.50354200000186,960.8426669999943,88.79199999999798,1035.3277500000004,80,308,32,96
4,32.79441600000155,85.98279200000292,1093.0573750000008,112.47566599999459,1033.8186669999984,80,340,32,96
8,32.813625000002844,113.68383299999607,1003.885375000003,160.5630419999997,1049.0238340000033,80,404,32,96
10,31.91470899999871,129.2822499999957,1020.9494170000041,184.24875000000185,1066.1322499999956,80,436,32,96
16,31.793374999999457,176.95058400000363,1116.5905409999937,293.7625419999961,1114.8000000000025,80,532,32,96
32,31.429750000000922,303.669124999999,1206.577541999998,443.363583,1240.7127920000037,80,788,32,96
64,31.264165999999705,556.985625000003,1512.203625000005,1070.448875000011,1558.7816249999946,80,1300,32,96
128,47.01979099999676,1264.19983400001,2008.4083330000055,1595.4978749999923,2032.5889580000053,80,2324,32,96
